{
  "namespace": "chest",

  "large_chest_screen@common.inventory_screen_common": {
    "$close_on_player_hurt|default": true,
    "$use_custom_pocket_toast|default": false,
    "close_on_player_hurt": "$close_on_player_hurt",
    "use_custom_pocket_toast": "$use_custom_pocket_toast",

    "$container_title_copy": "$container_title",
    "variables": [
      {
        "requires": "((($container_title_copy - '§f§l§a§g§s') = $container_title_copy) and $desktop_screen)",
        "$screen_content": "chest.large_chest_panel",
        "$screen_bg_content": "common.screen_background",
        "$screen_background_alpha": 0.4
      },
      {
        "requires": "(not (($container_title_copy - '§f§l§a§g§s') = $container_title_copy))",
        "$screen_content": "chest.flags_chest_panel",
        "$screen_bg_content": "common.screen_background",
        "$screen_background_alpha": 0.4
      },
      {
        "requires": "$pocket_screen",
        "$use_custom_pocket_toast": true,
        "$screen_content": "pocket_containers.large_chest_panel"
      }
    ]
  },

  "flags_chest_panel": {
    "type": "panel",
    "controls": [
      { "container_gamepad_helpers@common.container_gamepad_helpers": {} },
      {
        "selected_item_details_factory@common.selected_item_details_factory": {
          "control_name": "@chest.selected_item_details"
        }
      },
      {
        "item_lock_notification_factory@common.item_lock_notification_factory": {
          "control_name": "@common.item_lock_notification"
        }
      },
      {
        "root_panel@common.root_panel": {
          "size": [ 176, 220 ],
          "layer": 1,
          "controls": [
            { "common_panel@common.common_panel": {} },
            {
              "chest_panel": {
                "type": "panel",
                "layer": 5,
                "controls": [
                  { "flags_chest_panel_top_half@chest.flags_chest_panel_top_half": {

                  } },
                  { "inventory_panel_bottom_half_with_label@common.inventory_panel_bottom_half_with_label": {} },
                  { "hotbar_grid@common.hotbar_grid_template": {} },
                  { "inventory_take_progress_icon_button@common.inventory_take_progress_icon_button": {} },
                  { "flying_item_renderer@common.flying_item_renderer": { "layer": 15 } }
                ]
              }
            },
            { "inventory_selected_icon_button@common.inventory_selected_icon_button": {} },
            { "gamepad_cursor@common.gamepad_cursor_button": {} }
          ]
        }
      }
    ]
  },

  "flags_chest_panel_top_half": {
    "type": "panel",
    "size": [ "100%", 132 ],
    "offset": [ 0, 11 ],
    "anchor_to": "top_left",
    "anchor_from": "top_left",
    "controls": [
      { "chest_label@chest.chest_label": {} },
      {
        "large_chest_grid@chest.flags_chest_grid": {
          "offset": [ 7, 10 ]
        }
      }
    ]
  },

  "flags_grid_item@common.flags_container_item": {
    "$item_collection_name": "container_items"
  },

  "flags_chest_grid": {
    "type": "grid",
    "size": [ 162, 108 ],
    "anchor_from": "top_left",
    "anchor_to": "top_left",
    "grid_dimensions": [ 9, 6 ],
    "grid_item_template": "chest.flags_grid_item",
    "collection_name": "container_items"
  }
}