{
  "namespace": "common",

  "flags_container_item": {
    "type": "input_panel",
    "size": [ 18, 18 ],
    "layer": 1,
    "$cell_image_size|default": [ 18, 18 ],
    "$cell_overlay_ref|default": "common.cell_overlay",
    "$button_ref|default": "common.container_slot_button_prototype",
    "$stack_count_required|default": true,
    "$durability_bar_required|default": true,
    "$storage_bar_required|default": true,
    "$item_renderer|default": "common.item_renderer",
    "$item_renderer_panel_size|default": [ 18, 18 ],
    "$item_renderer_size|default": [ 16, 16 ],
    "$item_renderer_offset|default": [ 0, 0 ],
    "$background_images|default": "common.cell_image_panel",
    "$background_image_control_name|default": "bg",

    "$focus_id|default": "",
    "$focus_override_down|default": "",
    "$focus_override_up|default": "",
    "$focus_override_left|default": "",
    "$focus_override_right|default": "",
    "focus_identifier": "$focus_id",
    "focus_change_down": "$focus_override_down",
    "focus_change_up": "$focus_override_up",
    "focus_change_left": "$focus_override_left",
    "focus_change_right": "$focus_override_right",
    "focus_enabled": true,
    "focus_wrap_enabled": false,
    "focus_magnet_enabled": true,
    "tts_ignore_count": true,

    "controls": [
      {
        "item_cell": {
          "type": "panel",
          "size": "$cell_image_size",
          "layer": 0,
          "controls": [
            {
              "$background_image_control_name@$background_images": {
                "layer": 1,

                "bindings": [
                  {
                    "binding_name": "#hover_text",
                    "binding_type": "collection",
                    "binding_collection_name": "$item_collection_name"
                  },
                  {
                    "binding_type": "view",
                    "source_property_name": "(((#hover_text - '§-') = #hover_text) and ((#hover_text - '§b§g') = #hover_text))",
                    "target_property_name": "#visible"
                  }
                ]
              }
            },
            {
              "expand_item_background@common.expand_item_background": {
                "layer": 1,

                "bindings": [
                  {
                    "binding_name": "#hover_text",
                    "binding_type": "collection",
                    "binding_collection_name": "$item_collection_name"
                  },
                  {
                    "binding_type": "view",
                    "source_property_name": "(not ((#hover_text - '§-') = #hover_text))",
                    "target_property_name": "#visible"
                  }
                ]
              }
            },
            {
              "collapse_item_background@common.collapse_item_background": {
                "layer": 1,

                "bindings": [
                  {
                    "binding_name": "#hover_text",
                    "binding_type": "collection",
                    "binding_collection_name": "$item_collection_name"
                  },
                  {
                    "binding_type": "view",
                    "source_property_name": "(not ((#hover_text - '§b§g') = #hover_text))",
                    "target_property_name": "#visible"
                  }
                ]
              }
            },
            {
              "item": {
                "type": "panel",
                "size": "$item_renderer_panel_size",
                "layer": 0,
                "controls": [
                  {
                    "stack_count_label@common.stack_count_label": {
                      "layer": 27
                    }
                  },
                  {
                    "$item_renderer@$item_renderer": {
                      "size": "$item_renderer_size",
                      "offset": "$item_renderer_offset",
                      "anchor_to": "center",
                      "anchor_from": "center",
                      "layer": 7
                    }
                  },
                  {
                    "expand_icon": {
                      "type": "image",
                      "size": [
                        7,
                        7
                      ],
                      "offset": [
                        -1,
                        -1
                      ],
                      "anchor_from": "bottom_right",
                      "anchor_to": "bottom_right",
                      "texture": "textures/ui/recipe_book_expand_icon",
                      "layer": 30,

                      "bindings": [
                        {
                          "binding_name": "#hover_text",
                          "binding_type": "collection",
                          "binding_collection_name": "$item_collection_name"
                        },
                        {
                          "binding_type": "view",
                          "source_property_name": "(not ((#hover_text - '§+') = #hover_text))",
                          "target_property_name": "#visible"
                        }
                      ]
                    }
                  },
                  {
                    "collapse_icon": {
                      "type": "image",
                      "size": [
                        7,
                        7
                      ],
                      "offset": [
                        -1,
                        -1
                      ],
                      "anchor_from": "bottom_right",
                      "anchor_to": "bottom_right",
                      "texture": "textures/ui/recipe_book_collapse_icon",
                      "layer": 30,

                      "bindings": [
                        {
                          "binding_name": "#hover_text",
                          "binding_type": "collection",
                          "binding_collection_name": "$item_collection_name"
                        },
                        {
                          "binding_type": "view",
                          "source_property_name": "(not ((#hover_text - '§-') = #hover_text))",
                          "target_property_name": "#visible"
                        }
                      ]
                    }
                  }
                ]
              }
            },
            {
              "durability_bar@common.durability_bar": {
                "layer": 20
              }
            },
            {
              "storage_bar@common.storage_bar": {
                "layer": 20
              }
            }
          ]
        }
      },
      {
        "item_cell_overlay_ref@$cell_overlay_ref": {
          "layer": 3
        }
      },
      {
        "item_selected_image@common.slot_selected": {
          "layer": 4
        }
      },
      {
        "item_button_ref@$button_ref": {
          "tts_ignore_count": true,
          "tts_skip_message": true,
          "tts_inherit_siblings": true,
          "layer": 5
        }
      },
      {
        "container_item_lock_overlay@common.container_item_lock_overlay": {
          "size": "$item_renderer_size",
          "offset": [ 1, 1 ],
          "anchor_to": "top_left",
          "anchor_from": "top_left",
          "layer": 6
        }
      },
      {
        "item_lock_cell_image@common.item_lock_cell_image": {
          "layer": 2
        }
      },
      {
        "bundle_slot_panel@gameplay.bundle_slot_panel": {
          "layer": 10
        }
      }
    ]
  },

  "flag_item_background": {
    "type": "image",
    "texture": "textures/ui/recipe_book_item_bg"
  },

  "expand_item_background": {
    "type": "image",
    "texture": "textures/ui/recipe_book_group_expanded"
  },

  "collapse_item_background": {
    "type": "image",
    "texture": "textures/ui/recipe_book_group_collapsed"
  }
}
